{"cameraMode":{"drawMode":0,"name":"Shaded","section":"Shading Mode"},"sceneLighting":false,"audioPlay":false,"sceneViewState":{"showFog":true,"showMaterialUpdate":false,"showSkybox":true,"showFlares":true,"showImageEffects":true,"showParticleSystems":true},"in2DMode":false,"pivot":{"x":1.6196322441101075,"y":2.9508473873138429,"z":-3.006129264831543},"rotation":{"x":0.042278241366147998,"y":0.02996421977877617,"z":-0.0012684103567153216,"w":0.9986592531204224},"size":9.172479629516602,"orthographic":false}