{"cameraMode":{"drawMode":0,"name":"Shaded","section":"Shading Mode"},"sceneLighting":false,"audioPlay":false,"sceneViewState":{"showFog":true,"showMaterialUpdate":false,"showSkybox":true,"showFlares":true,"showImageEffects":true,"showParticleSystems":true},"in2DMode":false,"pivot":{"x":514.526123046875,"y":259.3499450683594,"z":-0.0288848876953125},"rotation":{"x":-0.1953694075345993,"y":0.687721312046051,"z":-0.20059771835803986,"w":-0.669802725315094},"size":1920.052490234375,"orthographic":false}