{"cameraMode":{"drawMode":0,"name":"Shaded","section":"Shading Mode"},"sceneLighting":false,"audioPlay":false,"sceneViewState":{"showFog":true,"showMaterialUpdate":false,"showSkybox":true,"showFlares":true,"showImageEffects":true,"showParticleSystems":true},"in2DMode":false,"pivot":{"x":360.5261535644531,"y":258.8499755859375,"z":-0.028880853205919267},"rotation":{"x":0.042278241366147998,"y":0.02996421977877617,"z":-0.0012684103567153216,"w":0.9986592531204224},"size":1488.6673583984375,"orthographic":false}