{"cameraMode":{"drawMode":0,"name":"Shaded","section":"Shading Mode"},"sceneLighting":false,"audioPlay":false,"sceneViewState":{"showFog":true,"showMaterialUpdate":false,"showSkybox":true,"showFlares":true,"showImageEffects":true,"showParticleSystems":true},"in2DMode":false,"pivot":{"x":-3.557858943939209,"y":1.047751545906067,"z":-3.0},"rotation":{"x":0.042278241366147998,"y":0.02996421977877617,"z":-0.0012684103567153216,"w":0.9986592531204224},"size":7.966946601867676,"orthographic":false}